file;rank
squirtle/000002.jpg;?
squirtle/000003.jpg;?
squirtle/000004.jpg;?
squirtle/000005.jpg;?
squirtle/000006.jpg;?
squirtle/000007.jpg;?
squirtle/000008.jpg;?
squirtle/000009.jpg;?
squirtle/000010.jpg;?
squirtle/000011.jpg;?
squirtle/000014.jpg;?
squirtle/000016.jpg;?
squirtle/000017.jpg;?
squirtle/000018.jpg;?
squirtle/000019.jpg;?
squirtle/000021.jpg;?
squirtle/000025.jpg;?
squirtle/000026.jpg;?
squirtle/000027.jpg;?
squirtle/000028.jpg;?
squirtle/000029.jpg;?
squirtle/000031.jpg;?
squirtle/000032.jpg;?
squirtle/000036.jpg;?
squirtle/000043.jpg;?
squirtle/000044.jpg;?
squirtle/000045.jpg;?
squirtle/000046.jpg;?
squirtle/000047.jpg;?
squirtle/000048.jpg;?
squirtle/000049.jpg;?
squirtle/000050.jpg;?
squirtle/000053.jpg;?
squirtle/000059.jpg;?
squirtle/000065.jpg;?
squirtle/000071.jpg;?
squirtle/000079.jpg;?
squirtle/000084.jpg;?
squirtle/000085.jpg;?
squirtle/000086.jpg;?
squirtle/000087.jpg;?
squirtle/000088.jpg;?
squirtle/000089.jpg;?
squirtle/000090.jpg;?
squirtle/000091.jpg;?
squirtle/000092.jpg;?
squirtle/000093.jpg;?
squirtle/000095.jpg;?
squirtle/000096.jpg;?
squirtle/000097.jpg;?
squirtle/000098.jpg;?
squirtle/000100.jpg;?
squirtle/000101.jpg;?
squirtle/000102.jpg;?
squirtle/000103.jpg;?
squirtle/000104.jpg;?
squirtle/000105.jpg;?
squirtle/000106.jpg;?
squirtle/000107.jpg;?
squirtle/000108.jpg;?
squirtle/000109.jpg;?
squirtle/000111.jpg;?
squirtle/000112.jpg;?
squirtle/000113.jpg;?
squirtle/000115.jpg;?
squirtle/000117.jpg;?
squirtle/000118.jpg;?
squirtle/000119.jpg;?
squirtle/000120.jpg;?
squirtle/000121.jpg;?
squirtle/000122.jpg;?
squirtle/000123.jpg;?
squirtle/000124.jpg;?
squirtle/000126.jpg;?
squirtle/000128.jpg;?
squirtle/000130.jpg;?
squirtle/000131.jpg;?
squirtle/000132.jpg;?
squirtle/000133.jpg;?
squirtle/000134.jpg;?
squirtle/000135.jpg;?
squirtle/000136.jpg;?
squirtle/000138.jpg;?
squirtle/000141.jpg;?
squirtle/000142.jpg;?
squirtle/000145.jpg;?
squirtle/000146.jpg;?
squirtle/000147.jpg;?
squirtle/000149.jpg;?
squirtle/000150.jpg;?
squirtle/000151.jpg;?
squirtle/000152.jpg;?
squirtle/000153.jpg;?
squirtle/000156.jpg;?
squirtle/000157.jpg;?
squirtle/000159.jpg;?
squirtle/000160.jpg;?
squirtle/000161.jpg;?
squirtle/000162.jpg;?
squirtle/000166.jpg;?
squirtle/000168.jpg;?
squirtle/000169.jpg;?
squirtle/000170.jpg;?
squirtle/000172.jpg;?
squirtle/000175.jpg;?
squirtle/000177.jpg;?
squirtle/000178.jpg;?
squirtle/000180.jpg;?
squirtle/000182.jpg;?
squirtle/000187.jpg;?
squirtle/000188.jpg;?
squirtle/000190.jpg;?
squirtle/000192.jpg;?
squirtle/000193.jpg;?
squirtle/000194.jpg;?
squirtle/000197.jpg;?
squirtle/000198.jpg;?
squirtle/000204.jpg;?
squirtle/000208.jpg;?
squirtle/000210.jpg;?
squirtle/000212.jpg;?
squirtle/000214.jpg;?
squirtle/000215.jpg;?
squirtle/000230.jpg;?
squirtle/000234.jpg;?
squirtle/000236.jpg;?
squirtle/000240.jpg;?
squirtle/000243.jpg;?
squirtle/000244.jpg;?
squirtle/000246.jpg;?
squirtle/000250.jpg;?
squirtle/000251.jpg;?
squirtle/000253.jpg;?
squirtle/000255.jpg;?
squirtle/000256.jpg;?
squirtle/000258.jpg;?
squirtle/000259.jpg;?
squirtle/000260.jpg;?
squirtle/000261.jpg;?
squirtle/000262.jpg;?
squirtle/000266.jpg;?
squirtle/000267.jpg;?
squirtle/000271.jpg;?
squirtle/000274.jpg;?
squirtle/000275.jpg;?
squirtle/000285.jpg;?
squirtle/000287.jpg;?
squirtle/000288.jpg;?
squirtle/000290.jpg;?
squirtle/000292.jpg;?
squirtle/000295.jpg;?
squirtle/000296.jpg;?
squirtle/000297.jpg;?
squirtle/000298.jpg;?
squirtle/000300.jpg;?
squirtle/000307.jpg;?
squirtle/000316.jpg;?
squirtle/000321.jpg;?
squirtle/000329.jpg;?
squirtle/000334.jpg;?
squirtle/000341.jpg;?
squirtle/000343.jpg;?
squirtle/000347.jpg;?
squirtle/000349.jpg;?
squirtle/000355.jpg;?
squirtle/000360.jpg;?
squirtle/000382.jpg;?
squirtle/000394.jpg;?
squirtle/000420.jpg;?
